Workbook
Name MyList: Berkeley_StronglyRec!$A$2:$A$8
Name MyList: Berkeley_REQ!$A$2:$A$8
Name RequirementsList: Berkeley_REQ!$A$2:$A$8
Name StronglyRec_List: Berkeley_StronglyRec!$A$2:$A$4

Sheet How to

Sheet StudentData
A1: Year | B1: School | C1: Course | D1: Berkeley Course Equivalent | E1: Part of series?
A2: 2025 | B2: Contra Costa | C2: Math 110 | D2: {=_xlfn.XLOOKUP(B2&C2,INDIRECT("'"&A2&"'!$A:$A")&INDIRECT("'"&A2&"'!$B:$B"),INDIRECT("'"&A2&"'!$C:$C"),"NOT ARTICULATED")} -> MATH 1 | E2: {=_xlfn.XLOOKUP(B2&C2,INDIRECT("'"&A2&"'!$A:$A")&INDIRECT("'"&A2&"'!$B:$B"),INDIRECT("'"&A2&"'!$C:$C"),"NOT ARTICULATED")} -> MATH 1
A3: 2025 | B3: Contra Costa | C3: Math 800 | D3: {=_xlfn.XLOOKUP(B3&C3, INDIRECT("'"&A3&"'!$A:$A") & INDIRECT("'"&A3&"'!$B:$B"), INDIRECT("'"&A3&"'!$C:$C"), "NOT ARTICULATED")} -> NOT ARTICULATED
A4: 2025 | B4: Contra Costa | C4: PHYSICS 50 | D4: {=_xlfn.XLOOKUP(B4&C4, INDIRECT("'"&A4&"'!$A:$A") & INDIRECT("'"&A4&"'!$B:$B"), INDIRECT("'"&A4&"'!$C:$C"), "NOT ARTICULATED")} -> NOT ARTICULATED
A5: 2025 | B5: Contra Costa | C5: Chem 01 | D5: {=_xlfn.XLOOKUP(B5&C5, INDIRECT("'"&A5&"'!$A:$A") & INDIRECT("'"&A5&"'!$B:$B"), INDIRECT("'"&A5&"'!$C:$C"), "NOT ARTICULATED")} -> NOT ARTICULATED
A6: 2025 | B6: Contra Costa | C6: Chem 203 | D6: {=_xlfn.XLOOKUP(B6&C6, INDIRECT("'"&A6&"'!$A:$A") & INDIRECT("'"&A6&"'!$B:$B"), INDIRECT("'"&A6&"'!$C:$C"), "NOT ARTICULATED")} -> CHEMISTRY 3
A7: 2025 | B7: Diablo Valley | C7: Chem 204 | D7: {=_xlfn.XLOOKUP(B7&C7, INDIRECT("'"&A7&"'!$A:$A") & INDIRECT("'"&A7&"'!$B:$B"), INDIRECT("'"&A7&"'!$C:$C"), "NOT ARTICULATED")} -> NOT ARTICULATED
A8: 2024 | B8: Diablo Valley | C8: Biology 1a | D8: {=_xlfn.XLOOKUP(B8&C8, INDIRECT("'"&A8&"'!$A:$A") & INDIRECT("'"&A8&"'!$B:$B"), INDIRECT("'"&A8&"'!$C:$C"), "NOT ARTICULATED")} -> BIOLOGY 1
A9: 2024 | B9: Contra Costa | C9: Biology 1b | D9: {=_xlfn.XLOOKUP(B9&C9, INDIRECT("'"&A9&"'!$A:$A") & INDIRECT("'"&A9&"'!$B:$B"), INDIRECT("'"&A9&"'!$C:$C"), "NOT ARTICULATED")} -> BIOLOGY 2
A10: 2024 | B10: Diablo Valley | C10: Biology 2a | D10: {=_xlfn.XLOOKUP(B10&C10, INDIRECT("'"&A10&"'!$A:$A") & INDIRECT("'"&A10&"'!$B:$B"), INDIRECT("'"&A10&"'!$C:$C"), "NOT ARTICULATED")} -> BIOLOGY 3 -- 1 of 2
A11: 2025 | B11: Contra Costa | C11: Biology 2b | D11: {=_xlfn.XLOOKUP(B11&C11, INDIRECT("'"&A11&"'!$A:$A") & INDIRECT("'"&A11&"'!$B:$B"), INDIRECT("'"&A11&"'!$C:$C"), "NOT ARTICULATED")} -> BIOLOGY 3 -- 2 of 2
A12: 2025 | B12: Diablo Valley | C12: Math 120 | D12: {=_xlfn.XLOOKUP(B12&C12, INDIRECT("'"&A12&"'!$A:$A") & INDIRECT("'"&A12&"'!$B:$B"), INDIRECT("'"&A12&"'!$C:$C"), "NOT ARTICULATED")} -> MATH 2
A13: 2025 | B13: Diablo Valley | C13: Math 125 | D13: {=_xlfn.XLOOKUP(B13&C13, INDIRECT("'"&A13&"'!$A:$A") & INDIRECT("'"&A13&"'!$B:$B"), INDIRECT("'"&A13&"'!$C:$C"), "NOT ARTICULATED")} -> NOT ARTICULATED
A14: 2025 | B14: Diablo Valley | C14: Chemistry 204 | D14: {=_xlfn.XLOOKUP(B14&C14, INDIRECT("'"&A14&"'!$A:$A") & INDIRECT("'"&A14&"'!$B:$B"), INDIRECT("'"&A14&"'!$C:$C"), "NOT ARTICULATED")} -> CHEMISTRY 4

Sheet Validator
A1: # of Manual Reviews Needed (because courses didn't articulate) | C1: Missing Requirements | E1: Course series checks | H1: Strongly recommended courses taken/planned
A2: =COUNTIF(StudentData!$D$2:$D$100, "NOT ARTICULATED") -> 5 | C2: {=_xlfn._xlws.FILTER(RequirementsList, ISNA(MATCH(RequirementsList, StudentData!$D$2:$D$100, 0)), "All Requirements Met! ✅")} -> CHEMISTRY 2 | E2: CHEMISTRY | F2: {=IFERROR(IF(ROWS(_xlfn.UNIQUE(_xlfn._xlws.FILTER(StudentData!$B$2:$B$100, ISNUMBER(SEARCH("*"&E2&"*", StudentData!$D$2:$D$100))))) > 1, "❌ MIXED SCHOOLS", "✅ OK"), "Courses Not Found")} -> ❌ MIXED SCHOOLS | H2: {=_xlfn._xlws.FILTER(StronglyRec_List,MATCH(StronglyRec_List, StudentData!$D$2:$D$100, 0), 0)} -> #N/A
E3: PHYSICS | F3: {=IFERROR(IF(ROWS(_xlfn.UNIQUE(_xlfn._xlws.FILTER(StudentData!$B$2:$B$100, ISNUMBER(SEARCH("*"&E3&"*", StudentData!$D$2:$D$100))))) > 1, "❌ MIXED SCHOOLS", "✅ OK"), "Courses Not Found")} -> Courses Not Found
E4: MATH | F4: {=IFERROR(IF(ROWS(_xlfn.UNIQUE(_xlfn._xlws.FILTER(StudentData!$B$2:$B$100, ISNUMBER(SEARCH("*"&E4&"*", StudentData!$D$2:$D$100))))) > 1, "❌ MIXED SCHOOLS", "✅ OK"), "Courses Not Found")} -> ❌ MIXED SCHOOLS
E5: BIOLOGY | F5: {=IFERROR(IF(ROWS(_xlfn.UNIQUE(_xlfn._xlws.FILTER(StudentData!$B$2:$B$100, ISNUMBER(SEARCH("*"&E5&"*", StudentData!$D$2:$D$100))))) > 1, "❌ MIXED SCHOOLS", "✅ OK"), "Courses Not Found")} -> ❌ MIXED SCHOOLS

Sheet Berkeley_REQ
A1: List of requirements | B1: Part of series?
A2: MATH 1 | B2: No
A3: CHEMISTRY 2 | B3: Yes, chemistry series
A4: CHEMISTRY 3 | B4: Yes, chemistry series
A5: BIOLOGY 1 | B5: Yes, biology series
A6: BIOLOGY 2 | B6: Yes, biology series
A7: BIOLOGY 3 -- 1 of 2 | B7: No
A8: BIOLOGY 3 -- 2 of 2 | B8: No

Sheet Berkeley_StronglyRec
A1: List of requirements | B1: Part of series?
A2: MATH 2 | B2: N/A
A3: MATH 3 | B3: N/A
A4: CHEMISTRY 4 | B4: N/A

Sheet 2025
A1: School | B1: Course | C1: Berkeley equivalent
A2: Contra Costa | B2: Math 110 | C2: MATH 1
A3: Contra Costa | B3: Chem 201 | C3: CHEMISTRY 2
A4: Contra Costa | B4: Chem 203 | C4: CHEMISTRY 3
A5: Contra Costa | B5: Biology 1a | C5: BIOLOGY 1
A6: Contra Costa | B6: Biology 1b | C6: BIOLOGY 2
A7: Contra Costa | B7: Biology 2a | C7: BIOLOGY 3 -- 1 of 2
A8: Contra Costa | B8: Biology 2b | C8: BIOLOGY 3 -- 2 of 2
A9: Diablo Valley | B9: Biology 1a | C9: BIOLOGY 1
A10: Diablo Valley | B10: Biology 1b | C10: BIOLOGY 2
A11: Diablo Valley | B11: Biology 2a | C11: BIOLOGY 3 -- 1 of 2
A12: Diablo Valley | B12: Biology 2b | C12: BIOLOGY 3 -- 2 of 2
... A15: Diablo Valley | B15: Chemistry 204 | C15: CHEMISTRY 4

Sheet 2024
A1: School | B1: Course | C1: Berkeley equivalent
A2: Contra Costa | B2: Math 110 | C2: MATH 1
A3: Contra Costa | B3: Chem 201 | C3: CHEMISTRY 2
A4: Contra Costa | B4: Chem 203 | C4: CHEMISTRY 3
A5: Contra Costa | B5: Biology 1a | C5: BIOLOGY 1
A6: Contra Costa | B6: Biology 1b | C6: BIOLOGY 2
A7: Contra Costa | B7: Biology 2a | C7: BIOLOGY 3 -- 1 of 2
A8: Contra Costa | B8: Biology 2b | C8: BIOLOGY 3 -- 2 of 2
A9: Diablo Valley | B9: Biology 1a | C9: BIOLOGY 1
A10: Diablo Valley | B10: Biology 1b | C10: BIOLOGY 2
A11: Diablo Valley | B11: Biology 2a | C11: BIOLOGY 3 -- 1 of 2
A12: Diablo Valley | B12: Biology 2b | C12: BIOLOGY 3 -- 2 of 2
... A15: Diablo Valley | B15: Chemistry 204 | C15: CHEMISTRY 4
